group2,method,p,padjFDR,pAsterisk,padjFDRAsterisk
R2567,T-test,0.00144783214323787,0.00289566428647574,**,**
R780,T-test,0.00733589606592881,0.00733589606592881,**,**
