group2,method,p,padjFDR,pAsterisk,padjFDRAsterisk
R2567,T-test,0.031973078632191,0.031973078632191,*,*
R780,T-test,0.00112790844734327,0.00225581689468653,**,**
